{"class_name": "Functional", "config": {"name": "model_1", "layers": [{"class_name": "InputLayer", "config": {"batch_input_shape": [null, 9], "dtype": "float32", "sparse": false, "ragged": false, "name": "input_8"}, "name": "input_8", "inbound_nodes": []}, {"class_name": "Dense", "config": {"name": "dense_3", "trainable": true, "dtype": "float32", "units": 20, "activation": "relu", "use_bias": true, "kernel_initializer": {"class_name": "GlorotUniform", "config": {"seed": null}}, "bias_initializer": {"class_name": "Zeros", "config": {}}, "kernel_regularizer": null, "bias_regularizer": null, "activity_regularizer": null, "kernel_constraint": null, "bias_constraint": null}, "name": "dense_3", "inbound_nodes": [[["input_8", 0, 0, {}]]]}, {"class_name": "InputLayer", "config": {"batch_input_shape": [null, 5], "dtype": "float32", "sparse": false, "ragged": false, "name": "input_5"}, "name": "input_5", "inbound_nodes": []}, {"class_name": "InputLayer", "config": {"batch_input_shape": [null, 5], "dtype": "float32", "sparse": false, "ragged": false, "name": "input_6"}, "name": "input_6", "inbound_nodes": []}, {"class_name": "InputLayer", "config": {"batch_input_shape": [null, 5], "dtype": "float32", "sparse": false, "ragged": false, "name": "input_7"}, "name": "input_7", "inbound_nodes": []}, {"class_name": "Dropout", "config": {"name": "dropout", "trainable": true, "dtype": "float32", "rate": 0.5, "noise_shape": null, "seed": null}, "name": "dropout", "inbound_nodes": [[["dense_3", 0, 0, {}]]]}, {"class_name": "Embedding", "config": {"name": "embedding_3", "trainable": true, "batch_input_shape": [null, 5], "dtype": "float32", "input_dim": 74907, "output_dim": 100, "embeddings_initializer": {"class_name": "RandomUniform", "config": {"minval": -0.05, "maxval": 0.05, "seed": null}}, "embeddings_regularizer": null, "activity_regularizer": null, "embeddings_constraint": null, "mask_zero": false, "input_length": 5}, "name": "embedding_3", "inbound_nodes": [[["input_5", 0, 0, {}]]]}, {"class_name": "Embedding", "config": {"name": "embedding_4", "trainable": true, "batch_input_shape": [null, 5], "dtype": "float32", "input_dim": 237, "output_dim": 20, "embeddings_initializer": {"class_name": "RandomUniform", "config": {"minval": -0.05, "maxval": 0.05, "seed": null}}, "embeddings_regularizer": null, "activity_regularizer": null, "embeddings_constraint": null, "mask_zero": false, "input_length": 5}, "name": "embedding_4", "inbound_nodes": [[["input_6", 0, 0, {}]]]}, {"class_name": "Embedding", "config": {"name": "embedding_5", "trainable": true, "batch_input_shape": [null, 5], "dtype": "float32", "input_dim": 19, "output_dim": 10, "embeddings_initializer": {"class_name": "RandomUniform", "config": {"minval": -0.05, "maxval": 0.05, "seed": null}}, "embeddings_regularizer": null, "activity_regularizer": null, "embeddings_constraint": null, "mask_zero": false, "input_length": 5}, "name": "embedding_5", "inbound_nodes": [[["input_7", 0, 0, {}]]]}, {"class_name": "Dense", "config": {"name": "dense_4", "trainable": true, "dtype": "float32", "units": 20, "activation": "relu", "use_bias": true, "kernel_initializer": {"class_name": "GlorotUniform", "config": {"seed": null}}, "bias_initializer": {"class_name": "Zeros", "config": {}}, "kernel_regularizer": null, "bias_regularizer": null, "activity_regularizer": null, "kernel_constraint": null, "bias_constraint": null}, "name": "dense_4", "inbound_nodes": [[["dropout", 0, 0, {}]]]}, {"class_name": "Bidirectional", "config": {"name": "bidirectional_3", "trainable": true, "dtype": "float32", "layer": {"class_name": "LSTM", "config": {"name": "lstm_3", "trainable": true, "dtype": "float32", "return_sequences": false, "return_state": false, "go_backwards": false, "stateful": false, "unroll": false, "time_major": false, "units": 512, "activation": "tanh", "recurrent_activation": "sigmoid", "use_bias": true, "kernel_initializer": {"class_name": "GlorotUniform", "config": {"seed": null}, "shared_object_id": 17}, "recurrent_initializer": {"class_name": "Orthogonal", "config": {"gain": 1.0, "seed": null}, "shared_object_id": 18}, "bias_initializer": {"class_name": "Zeros", "config": {}, "shared_object_id": 19}, "unit_forget_bias": true, "kernel_regularizer": null, "recurrent_regularizer": null, "bias_regularizer": null, "activity_regularizer": null, "kernel_constraint": null, "recurrent_constraint": null, "bias_constraint": null, "dropout": 0.5, "recurrent_dropout": 0.0, "implementation": 2}}, "merge_mode": "concat"}, "name": "bidirectional_3", "inbound_nodes": [[["embedding_3", 0, 0, {}]]]}, {"class_name": "Bidirectional", "config": {"name": "bidirectional_4", "trainable": true, "dtype": "float32", "layer": {"class_name": "LSTM", "config": {"name": "lstm_4", "trainable": true, "dtype": "float32", "return_sequences": false, "return_state": false, "go_backwards": false, "stateful": false, "unroll": false, "time_major": false, "units": 80, "activation": "tanh", "recurrent_activation": "sigmoid", "use_bias": true, "kernel_initializer": {"class_name": "GlorotUniform", "config": {"seed": null}, "shared_object_id": 23}, "recurrent_initializer": {"class_name": "Orthogonal", "config": {"gain": 1.0, "seed": null}, "shared_object_id": 24}, "bias_initializer": {"class_name": "Zeros", "config": {}, "shared_object_id": 25}, "unit_forget_bias": true, "kernel_regularizer": null, "recurrent_regularizer": null, "bias_regularizer": null, "activity_regularizer": null, "kernel_constraint": null, "recurrent_constraint": null, "bias_constraint": null, "dropout": 0.5, "recurrent_dropout": 0.0, "implementation": 2}}, "merge_mode": "concat"}, "name": "bidirectional_4", "inbound_nodes": [[["embedding_4", 0, 0, {}]]]}, {"class_name": "Bidirectional", "config": {"name": "bidirectional_5", "trainable": true, "dtype": "float32", "layer": {"class_name": "LSTM", "config": {"name": "lstm_5", "trainable": true, "dtype": "float32", "return_sequences": false, "return_state": false, "go_backwards": false, "stateful": false, "unroll": false, "time_major": false, "units": 40, "activation": "tanh", "recurrent_activation": "sigmoid", "use_bias": true, "kernel_initializer": {"class_name": "GlorotUniform", "config": {"seed": null}, "shared_object_id": 29}, "recurrent_initializer": {"class_name": "Orthogonal", "config": {"gain": 1.0, "seed": null}, "shared_object_id": 30}, "bias_initializer": {"class_name": "Zeros", "config": {}, "shared_object_id": 31}, "unit_forget_bias": true, "kernel_regularizer": null, "recurrent_regularizer": null, "bias_regularizer": null, "activity_regularizer": null, "kernel_constraint": null, "recurrent_constraint": null, "bias_constraint": null, "dropout": 0.5, "recurrent_dropout": 0.0, "implementation": 2}}, "merge_mode": "concat"}, "name": "bidirectional_5", "inbound_nodes": [[["embedding_5", 0, 0, {}]]]}, {"class_name": "Dropout", "config": {"name": "dropout_1", "trainable": true, "dtype": "float32", "rate": 0.5, "noise_shape": null, "seed": null}, "name": "dropout_1", "inbound_nodes": [[["dense_4", 0, 0, {}]]]}, {"class_name": "Concatenate", "config": {"name": "concatenate_1", "trainable": true, "dtype": "float32", "axis": -1}, "name": "concatenate_1", "inbound_nodes": [[["bidirectional_3", 0, 0, {}], ["bidirectional_4", 0, 0, {}], ["bidirectional_5", 0, 0, {}], ["dropout_1", 0, 0, {}]]]}, {"class_name": "Dropout", "config": {"name": "dropout_2", "trainable": true, "dtype": "float32", "rate": 0.5, "noise_shape": null, "seed": null}, "name": "dropout_2", "inbound_nodes": [[["concatenate_1", 0, 0, {}]]]}, {"class_name": "Dense", "config": {"name": "dense_5", "trainable": true, "dtype": "float32", "units": 17, "activation": "softmax", "use_bias": true, "kernel_initializer": {"class_name": "GlorotUniform", "config": {"seed": null}}, "bias_initializer": {"class_name": "Zeros", "config": {}}, "kernel_regularizer": null, "bias_regularizer": null, "activity_regularizer": null, "kernel_constraint": null, "bias_constraint": null}, "name": "dense_5", "inbound_nodes": [[["dropout_2", 0, 0, {}]]]}], "input_layers": [["input_5", 0, 0], ["input_6", 0, 0], ["input_7", 0, 0], ["input_8", 0, 0]], "output_layers": [["dense_5", 0, 0]]}, "keras_version": "2.6.0", "backend": "tensorflow"}